<DBTransporter Version="3.0">
  <Header>
    <Parameter Name="Edition">STE</Parameter>
    <Parameter Name="Version">9.1</Parameter>
    <Parameter Name="ExportDate">2023-02-15 17:51:33</Parameter>
    <Parameter Name="Display">VIVAT\Snow</Parameter>
    <Parameter Name="DBSystem">MSSQL</Parameter>
    <Parameter Name="DBServer">VIVAT\DATA</Parameter>
    <Parameter Name="DBName">Snow</Parameter>
    <Parameter Name="UserDisplay">viadmin</Parameter>
    <Parameter Name="UserName">viadmin</Parameter>
    <Parameter Name="Description">Patch 36325 and the SNOW REST API library</Parameter>
    <Parameter Name="Parts">Cumulative</Parameter>
    <Parameter Name="Costs">S0|C6|D0</Parameter>
  </Header>
  <Tasks>
    <Task Class="VI.Transport.CumulativeTransport, VI.Transport" Display="CumulativeTransport">
      <Parameter Name="Costs">S0|C6|D0</Parameter>
      <Parameter Name="TaskPath">CumulativeTransport</Parameter>
    </Task>
  </Tasks>
  <Modules />
</DBTransporter>