<DBTransporter Version="3.0">
  <Header>
    <Parameter Name="Edition">STE</Parameter>
    <Parameter Name="Version">9.1</Parameter>
    <Parameter Name="ExportDate">2023-02-15 12:02:14</Parameter>
    <Parameter Name="Display">VIVAT\Snow</Parameter>
    <Parameter Name="DBSystem">MSSQL</Parameter>
    <Parameter Name="DBServer">VIVAT\DATA</Parameter>
    <Parameter Name="DBName">Snow</Parameter>
    <Parameter Name="UserDisplay">viadmin</Parameter>
    <Parameter Name="UserName">viadmin</Parameter>
    <Parameter Name="Description">Schema extensions and permission groups</Parameter>
    <Parameter Name="Parts">Schema, Common, Cumulative</Parameter>
    <Parameter Name="Costs">S1131|C8804|D0</Parameter>
    <Parameter Name="Modules">CCC,ADS,TSB,QBM,DPR,QER</Parameter>
  </Header>
  <Tasks>
    <Task Class="VI.Transport.SchemaTransport, VI.Transport" Display="SchemaTransport">
      <Parameter Name="Costs">S1131|C1676|D0</Parameter>
      <Parameter Name="TaskPath">SchemaExtensions</Parameter>
    </Task>
    <Task Class="VI.Transport.CumulativeTransport, VI.Transport" Display="CumulativeTransport">
      <Parameter Name="Costs">S0|C7128|D0</Parameter>
      <Parameter Name="TaskPath">CumulativeTransport</Parameter>
    </Task>
  </Tasks>
  <Modules>
    <Module Id="CCC" Name="Customer configured content" Version="9.1.0.30" />
    <Module Id="ADS" Name="Active Directory Module" Version="9.1.0.30" />
    <Module Id="TSB" Name="Target System Base Module" Version="9.1.0.30" />
    <Module Id="QBM" Name="Configuration Module" Version="9.1.0.30" />
    <Module Id="DPR" Name="Target System Synchronization Module" Version="9.1.0.30" />
    <Module Id="QER" Name="Identity Management Base Module" Version="9.1.0.30" />
  </Modules>
</DBTransporter>