<DBTransporter Version="3.0">
  <Header>
    <Parameter Name="Edition">STE</Parameter>
    <Parameter Name="Version">9.1</Parameter>
    <Parameter Name="ExportDate">2023-02-15 12:10:27</Parameter>
    <Parameter Name="Display">VIVAT\Snow</Parameter>
    <Parameter Name="DBSystem">MSSQL</Parameter>
    <Parameter Name="DBServer">VIVAT\DATA</Parameter>
    <Parameter Name="DBName">Snow</Parameter>
    <Parameter Name="UserDisplay">viadmin</Parameter>
    <Parameter Name="UserName">viadmin</Parameter>
    <Parameter Name="Description">Synchronization projects</Parameter>
    <Parameter Name="Parts">Common</Parameter>
    <Parameter Name="Costs">S0|C6|D0</Parameter>
    <Parameter Name="Modules">CCC,DPR,QBM</Parameter>
  </Header>
  <Tasks>
    <Task Class="VI.Transport.DPR.ShellTransport, VI.Transport.DPR" Display="ShellTransport">
      <Parameter Name="Costs">S0|C6|D0</Parameter>
      <Parameter Name="TaskPath">ShellTransport</Parameter>
    </Task>
  </Tasks>
  <Modules>
    <Module Id="CCC" Name="Customer configured content" Version="9.1.0.30" />
    <Module Id="DPR" Name="Target System Synchronization Module" Version="9.1.0.30" />
    <Module Id="QBM" Name="Configuration Module" Version="9.1.0.30" />
  </Modules>
</DBTransporter>