<DBTransporter Version="3.0">
  <Header>
    <Parameter Name="Edition">STE</Parameter>
    <Parameter Name="Version">9.1</Parameter>
    <Parameter Name="ExportDate">2023-02-15 21:00:14</Parameter>
    <Parameter Name="Display">VIVAT\OneIMV9_1</Parameter>
    <Parameter Name="DBSystem">MSSQL</Parameter>
    <Parameter Name="DBServer">VIVAT\DATA</Parameter>
    <Parameter Name="DBName">OneIMV9_1</Parameter>
    <Parameter Name="UserDisplay">viadmin</Parameter>
    <Parameter Name="UserName">viadmin</Parameter>
    <Parameter Name="Description">Processes, UID, scripts and templates</Parameter>
    <Parameter Name="Parts">Cumulative</Parameter>
    <Parameter Name="Costs">S0|C743|D0</Parameter>
  </Header>
  <Tasks>
    <Task Class="VI.Transport.CumulativeTransport, VI.Transport" Display="CumulativeTransport">
      <Parameter Name="Costs">S0|C743|D0</Parameter>
      <Parameter Name="TaskPath">CumulativeTransport</Parameter>
    </Task>
  </Tasks>
  <Modules />
</DBTransporter>